<?xml version="1.0" encoding="iso-8859-1"?>
<ISO15745Profile xmlns="http://www.profibus.com/GSDML/2003/11/DeviceProfile" xmlns:xsi="http://www.w3.org/2001/XMLSchema-instance"
                 xsi:schemaLocation="http://www.profibus.com/GSDML/2003/11/DeviceProfile ..\xsd\GSDML-DeviceProfile-V2.43.xsd">
    <ProfileHeader>
        <ProfileIdentification>PROFINET Device Profile</ProfileIdentification>
        <ProfileRevision>1.00</ProfileRevision>
        <ProfileName>Device Profile for PROFINET Devices</ProfileName>
        <ProfileSource>PROFIBUS Nutzerorganisation e. V. (PNO)</ProfileSource>
        <ProfileClassID>Device</ProfileClassID>
        <ISO15745Reference>
            <ISO15745Part>4</ISO15745Part>
            <ISO15745Edition>1</ISO15745Edition>
            <ProfileTechnology>GSDML</ProfileTechnology>
        </ISO15745Reference>
    </ProfileHeader>
    <ProfileBody>
        <DeviceIdentity VendorID="0x0258" DeviceID="0x0005">
            <InfoText TextId="IDT_INFO_Device"/>
            <VendorName Value="Control Concepts, Inc."/>
        </DeviceIdentity>
        <DeviceFunction>
            <Family MainFamily="I/O" ProductFamily="CCI-ATOM"/>
        </DeviceFunction>
        <ApplicationProcess>
            <DeviceAccessPointList>
                <DeviceAccessPointItem ID="IDD_1" PNIO_Version="V2.43" PhysicalSlots="0..4" ModuleIdentNumber="0x00000001" MinDeviceInterval="32"
                                       DNS_CompatibleName="cci-atom" FixedInSlots="0" ObjectUUID_LocalIndex="1" DeviceAccessSupported="false"
                                       MultipleWriteSupported="true" CheckDeviceID_Allowed="true" NameOfStationNotTransferable="false"
                                       LLDP_NoD_Supported="true" ResetToFactoryModes="1..2" AddressAssignment="DCP">
                    <ModuleInfo>
                        <Name TextId="IDT_MODULE_NAME_DAP1"/>
                        <InfoText TextId="IDT_INFO_DAP1"/>
                        <VendorName Value="Control Concepts, Inc."/>
                        <OrderNumber Value="ATOM-PROFINET"/>
                        <HardwareRelease Value="A1.0"/>
                        <SoftwareRelease Value="V0.1.0"/>
                    </ModuleInfo>
                    <CertificationInfo ConformanceClass="A" ApplicationClass="" NetloadClass="I"/>
                    <IOConfigData MaxInputLength="244" MaxOutputLength="244"/>
                    <UseableModules>
                        <!-- Set which modules are allowed in which slots -->
                        <ModuleItemRef ModuleItemTarget="IDM_30" AllowedInSlots="1..4"/>
                        <ModuleItemRef ModuleItemTarget="IDM_31" AllowedInSlots="1..4"/>
                        <ModuleItemRef ModuleItemTarget="IDM_32" AllowedInSlots="1..4"/>
                        <ModuleItemRef ModuleItemTarget="IDM_40" AllowedInSlots="1..4"/>
                    </UseableModules>
                    <!-- virtual means non removable. The modules cannot be removed -->
                    <VirtualSubmoduleList>
                        <VirtualSubmoduleItem ID="IDS_1" SubmoduleIdentNumber="0x00000001" Writeable_IM_Records="1 2 3" MayIssueProcessAlarm="false">
                            <IOData/>
                            <ModuleInfo>
                                <Name TextId="IDT_MODULE_NAME_DAP1"/>
                                <InfoText TextId="IDT_INFO_DAP1"/>
                            </ModuleInfo>
                        </VirtualSubmoduleItem>
                    </VirtualSubmoduleList>
                    <!-- other special submodules -->
                    <SystemDefinedSubmoduleList>
                        <InterfaceSubmoduleItem ID="IDS_I" SubmoduleIdentNumber="0x00008000" SubslotNumber="32768" TextId="IDT_NAME_IS"
                                                SupportedRT_Classes="RT_CLASS_1" SupportedProtocols="LLDP"
                                                NetworkComponentDiagnosisSupported="false" PTP_BoundarySupported="true" DCP_BoundarySupported="true">
                            <ApplicationRelations StartupMode="Advanced">
                                <TimingProperties SendClock="32" ReductionRatio="1 2 4 8 16 32 64 128 256 512"/>
                            </ApplicationRelations>
                        </InterfaceSubmoduleItem>
                        <PortSubmoduleItem ID="IDS_P1" SubmoduleIdentNumber="0x00008001" SubslotNumber="32769" TextId="IDT_NAME_PS1"
                                           MaxPortRxDelay="350" MaxPortTxDelay="160">
                            <MAUTypeList>
                                <MAUTypeItem Value="30"/>
                                <MAUTypeItem Value="16"/>
                                <MAUTypeItem Value="5"/>
                            </MAUTypeList>
                        </PortSubmoduleItem>
						<!--
						Enable to support additional port. (PNET_MAX_PHYSICAL_PORTS == 2) Add additional PortSubmoduleItems to support additional ports
                        <PortSubmoduleItem ID="IDS_P2" SubmoduleIdentNumber="0x00008002" SubslotNumber="32770" TextId="IDT_NAME_PS2"
                                           MaxPortRxDelay="350" MaxPortTxDelay="160">
                            <MAUTypeList>
                                <MAUTypeItem Value="30"/>
                                <MAUTypeItem Value="16"/>
                                <MAUTypeItem Value="5"/>
                            </MAUTypeList>
                        </PortSubmoduleItem>
						-->
                    </SystemDefinedSubmoduleList>
                    <Graphics>
                        <GraphicItemRef Type="DeviceSymbol" GraphicItemTarget="CCI-ATOM-LOGO"/>
                    </Graphics>
                </DeviceAccessPointItem>
            </DeviceAccessPointList>
            <!-- pluggable (in our case, fixed) modules -->
            <ModuleList>
                <ModuleItem ID="IDM_30" ModuleIdentNumber="0x00000030">
                    <ModuleInfo>
                        <Name TextId="TOK_Name_Module_I8"/>
                        <InfoText TextId="TOK_InfoText_Module_I8"/>
                        <HardwareRelease Value="1.0"/>
                        <SoftwareRelease Value="1.0"/>
                    </ModuleInfo>
                    <VirtualSubmoduleList>
                        <VirtualSubmoduleItem ID="IDSM_130" SubmoduleIdentNumber="0x0130" MayIssueProcessAlarm="true">
                            <IOData>
                                <Input Consistency="All items consistency">
                                    <DataItem DataType="Integer32" TextId="TOK_Input_DataItem_Setpoint"/>
                                    <DataItem DataType="Boolean" TextId="TOK_Input_DataItem_RunEnable"/>
                                    <DataItem DataType="Unsigned8" TextId="TOK_Input_DataItem_InhibitAlarmStatus" UseAsBits="true">
                                        <BitDataItem BitOffset="0" TextId="TOK_Input_DataItem_InhibitAlarmStatus_Bit0"/>
                                        <BitDataItem BitOffset="1" TextId="TOK_Input_DataItem_InhibitAlarmStatus_Bit1"/>
                                        <BitDataItem BitOffset="2" TextId="TOK_Input_DataItem_InhibitAlarmStatus_Bit2"/>
                                        <BitDataItem BitOffset="3" TextId="TOK_Input_DataItem_InhibitAlarmStatus_Bit3"/>
                                        <BitDataItem BitOffset="4" TextId="TOK_Input_DataItem_InhibitAlarmStatus_Bit4"/>
                                        <BitDataItem BitOffset="5" TextId="TOK_Input_DataItem_InhibitAlarmStatus_Bit5"/>
                                        <BitDataItem BitOffset="6" TextId="TOK_Input_DataItem_InhibitAlarmStatus_Bit6"/>
                                        <BitDataItem BitOffset="7" TextId="TOK_Input_DataItem_InhibitAlarmStatus_Bit7"/>
                                    </DataItem>
                                    <DataItem DataType="Unsigned8" TextId="TOK_Input_DataItem_WarningAlarmStatus" UseAsBits="true">
                                        <BitDataItem BitOffset="0" TextId="TOK_Input_DataItem_WarningAlarmStatus_Bit0"/>
                                        <BitDataItem BitOffset="1" TextId="TOK_Input_DataItem_WarningAlarmStatus_Bit1"/>
                                        <BitDataItem BitOffset="2" TextId="TOK_Input_DataItem_WarningAlarmStatus_Bit2"/>
                                        <BitDataItem BitOffset="3" TextId="TOK_Input_DataItem_WarningAlarmStatus_Bit3"/>
                                        <BitDataItem BitOffset="4" TextId="TOK_Input_DataItem_WarningAlarmStatus_Bit4"/>
                                        <BitDataItem BitOffset="5" TextId="TOK_Input_DataItem_WarningAlarmStatus_Bit5"/>
                                        <BitDataItem BitOffset="6" TextId="TOK_Input_DataItem_WarningAlarmStatus_Bit6"/>
                                        <BitDataItem BitOffset="7" TextId="TOK_Input_DataItem_WarningAlarmStatus_Bit7"/>
                                    </DataItem>
                                    <DataItem DataType="Boolean" TextId="TOK_Input_DataItem_FeedbackReadStatus"/>
                                    <DataItem DataType="Float32" TextId="TOK_Input_DataItem_ACLineFrequency"/>
                                    <DataItem DataType="Float32" TextId="TOK_Input_DataItem_ACLineVoltage"/>
                                    <DataItem DataType="Float32" TextId="TOK_Input_DataItem_LoadVoltage"/>
                                    <DataItem DataType="Float32" TextId="TOK_Input_DataItem_LoadCurrent"/>
                                    <DataItem DataType="Float32" TextId="TOK_Input_DataItem_LoadResistance"/>
                                    <DataItem DataType="Float32" TextId="TOK_Input_DataItem_HeatsinkTemperature"/>
                                    <DataItem DataType="Float32" TextId="TOK_Input_DataItem_OutputDutyCyclePercent"/>
                                    <DataItem DataType="Float32" TextId="TOK_Input_DataItem_SetpointReference"/>
                                    <DataItem DataType="Float32" TextId="TOK_Input_DataItem_Feedback"/>
                                    <DataItem DataType="Float32" TextId="TOK_Input_DataItem_PLFTargetResistance"/>
                                    <DataItem DataType="Float32" TextId="TOK_Input_DataItem_PLFResistance"/>
                                    <DataItem DataType="Float32" TextId="TOK_Input_DataItem_PLFResistanceDeviation"/>
                                    <DataItem DataType="Integer32" TextId="TOK_Input_DataItem_FirmwareID"/>
                                    <DataItem DataType="Integer32" TextId="TOK_Input_DataItem_FirmwareMajor"/>
                                    <DataItem DataType="Integer32" TextId="TOK_Input_DataItem_FirmwareMinor"/>
                                    <DataItem DataType="Integer32" TextId="TOK_Input_DataItem_FullScaleVoltage"/>
                                    <DataItem DataType="Float32" TextId="TOK_Input_DataItem_FullScaleCurrent"/>
                                    <DataItem DataType="Unsigned8" TextId="TOK_Input_DataItem_ACLineStatus" UseAsBits="true">
                                        <BitDataItem BitOffset="0" TextId="TOK_Input_DataItem_ACLineStatus_Bit0"/>
                                        <BitDataItem BitOffset="1" TextId="TOK_Input_DataItem_ACLineStatus_Bit1"/>
                                        <BitDataItem BitOffset="2" TextId="TOK_Input_DataItem_ACLineStatus_Bit2"/>
                                        <BitDataItem BitOffset="3" TextId="TOK_Input_DataItem_ACLineStatus_Bit3"/>
                                        <BitDataItem BitOffset="4" TextId="TOK_Input_DataItem_ACLineStatus_Bit4"/>
                                        <BitDataItem BitOffset="5" TextId="TOK_Input_DataItem_ACLineStatus_Bit5"/>
                                        <BitDataItem BitOffset="6" TextId="TOK_Input_DataItem_ACLineStatus_Bit6"/>
                                        <BitDataItem BitOffset="7" TextId="TOK_Input_DataItem_ACLineStatus_Bit7"/>
                                    </DataItem>
                                    <DataItem DataType="Unsigned8" TextId="TOK_Input_DataItem_LoadStatus" UseAsBits="true">
                                        <BitDataItem BitOffset="0" TextId="TOK_Input_DataItem_LoadStatus_Bit0"/>
                                        <BitDataItem BitOffset="1" TextId="TOK_Input_DataItem_LoadStatus_Bit1"/>
                                        <BitDataItem BitOffset="2" TextId="TOK_Input_DataItem_LoadStatus_Bit2"/>
                                        <BitDataItem BitOffset="3" TextId="TOK_Input_DataItem_LoadStatus_Bit3"/>
                                        <BitDataItem BitOffset="4" TextId="TOK_Input_DataItem_LoadStatus_Bit4"/>
                                        <BitDataItem BitOffset="5" TextId="TOK_Input_DataItem_LoadStatus_Bit5"/>
                                        <BitDataItem BitOffset="6" TextId="TOK_Input_DataItem_LoadStatus_Bit6"/>
                                        <BitDataItem BitOffset="7" TextId="TOK_Input_DataItem_LoadStatus_Bit7"/>
                                    </DataItem>
                                    <DataItem DataType="Unsigned8" TextId="TOK_Input_DataItem_ControllerStatus"/>
                                    <DataItem DataType="Unsigned8" TextId="TOK_Input_DataItem_ControllerState"/>
                                    <DataItem DataType="Unsigned16" TextId="TOK_Input_DataItem_EEPROMStatus" UseAsBits="true">
                                        <BitDataItem BitOffset="0" TextId="TOK_Input_DataItem_EEPROMStatus_Bit0"/>
                                        <BitDataItem BitOffset="1" TextId="TOK_Input_DataItem_EEPROMStatus_Bit1"/>
                                        <BitDataItem BitOffset="2" TextId="TOK_Input_DataItem_EEPROMStatus_Bit2"/>
                                        <BitDataItem BitOffset="3" TextId="TOK_Input_DataItem_EEPROMStatus_Bit3"/>
                                        <BitDataItem BitOffset="4" TextId="TOK_Input_DataItem_EEPROMStatus_Bit4"/>
                                        <BitDataItem BitOffset="5" TextId="TOK_Input_DataItem_EEPROMStatus_Bit5"/>
                                        <BitDataItem BitOffset="6" TextId="TOK_Input_DataItem_EEPROMStatus_Bit6"/>
                                        <BitDataItem BitOffset="7" TextId="TOK_Input_DataItem_EEPROMStatus_Bit7"/>
                                        <BitDataItem BitOffset="8" TextId="TOK_Input_DataItem_EEPROMStatus_Bit8"/>
                                        <BitDataItem BitOffset="9" TextId="TOK_Input_DataItem_EEPROMStatus_Bit9"/>
                                        <BitDataItem BitOffset="10" TextId="TOK_Input_DataItem_EEPROMStatus_Bit10"/>
                                        <BitDataItem BitOffset="11" TextId="TOK_Input_DataItem_EEPROMStatus_Bit11"/>
                                        <BitDataItem BitOffset="12" TextId="TOK_Input_DataItem_EEPROMStatus_Bit12"/>
                                        <BitDataItem BitOffset="13" TextId="TOK_Input_DataItem_EEPROMStatus_Bit13"/>
                                        <BitDataItem BitOffset="14" TextId="TOK_Input_DataItem_EEPROMStatus_Bit14"/>
                                        <BitDataItem BitOffset="15" TextId="TOK_Input_DataItem_EEPROMStatus_Bit15"/>
                                    </DataItem>
                                    <DataItem DataType="Unsigned16" TextId="TOK_Input_DataItem_EEPROMStatus" UseAsBits="true">
                                        <BitDataItem BitOffset="0" TextId="TOK_Input_DataItem_EEPROMStatus_Bit0"/>
                                        <BitDataItem BitOffset="1" TextId="TOK_Input_DataItem_EEPROMStatus_Bit1"/>
                                        <BitDataItem BitOffset="2" TextId="TOK_Input_DataItem_EEPROMStatus_Bit2"/>
                                        <BitDataItem BitOffset="3" TextId="TOK_Input_DataItem_EEPROMStatus_Bit3"/>
                                        <BitDataItem BitOffset="4" TextId="TOK_Input_DataItem_EEPROMStatus_Bit4"/>
                                        <BitDataItem BitOffset="5" TextId="TOK_Input_DataItem_EEPROMStatus_Bit5"/>
                                        <BitDataItem BitOffset="6" TextId="TOK_Input_DataItem_EEPROMStatus_Bit6"/>
                                        <BitDataItem BitOffset="7" TextId="TOK_Input_DataItem_EEPROMStatus_Bit7"/>
                                        <BitDataItem BitOffset="8" TextId="TOK_Input_DataItem_EEPROMStatus_Bit8"/>
                                        <BitDataItem BitOffset="9" TextId="TOK_Input_DataItem_EEPROMStatus_Bit9"/>
                                        <BitDataItem BitOffset="10" TextId="TOK_Input_DataItem_EEPROMStatus_Bit10"/>
                                        <BitDataItem BitOffset="11" TextId="TOK_Input_DataItem_EEPROMStatus_Bit11"/>
                                        <BitDataItem BitOffset="12" TextId="TOK_Input_DataItem_EEPROMStatus_Bit12"/>
                                        <BitDataItem BitOffset="13" TextId="TOK_Input_DataItem_EEPROMStatus_Bit13"/>
                                        <BitDataItem BitOffset="14" TextId="TOK_Input_DataItem_EEPROMStatus_Bit14"/>
                                        <BitDataItem BitOffset="15" TextId="TOK_Input_DataItem_EEPROMStatus_Bit15"/>
                                    </DataItem>
                                    <DataItem DataType="Unsigned8" TextId="TOK_Input_DataItem_ErrorLatch" UseAsBits="true">
                                        <BitDataItem BitOffset="0" TextId="TOK_Input_DataItem_ErrorLatch_Bit0"/>
                                        <BitDataItem BitOffset="1" TextId="TOK_Input_DataItem_ErrorLatch_Bit1"/>
                                        <BitDataItem BitOffset="2" TextId="TOK_Input_DataItem_ErrorLatch_Bit2"/>
                                        <BitDataItem BitOffset="3" TextId="TOK_Input_DataItem_ErrorLatch_Bit3"/>
                                        <BitDataItem BitOffset="4" TextId="TOK_Input_DataItem_ErrorLatch_Bit4"/>
                                        <BitDataItem BitOffset="5" TextId="TOK_Input_DataItem_ErrorLatch_Bit5"/>
                                        <BitDataItem BitOffset="6" TextId="TOK_Input_DataItem_ErrorLatch_Bit6"/>
                                        <BitDataItem BitOffset="7" TextId="TOK_Input_DataItem_ErrorLatch_Bit7"/>
                                    </DataItem>
                                    <DataItem DataType="Unsigned8" TextId="TOK_Input_DataItem_MiscState" UseAsBits="true">
                                        <BitDataItem BitOffset="0" TextId="TOK_Input_DataItem_MiscState_Bit0"/>
                                        <BitDataItem BitOffset="1" TextId="TOK_Input_DataItem_MiscState_Bit1"/>
                                        <BitDataItem BitOffset="2" TextId="TOK_Input_DataItem_MiscState_Bit2"/>
                                        <BitDataItem BitOffset="3" TextId="TOK_Input_DataItem_MiscState_Bit3"/>
                                        <BitDataItem BitOffset="4" TextId="TOK_Input_DataItem_MiscState_Bit4"/>
                                        <BitDataItem BitOffset="5" TextId="TOK_Input_DataItem_MiscState_Bit5"/>
                                        <BitDataItem BitOffset="6" TextId="TOK_Input_DataItem_MiscState_Bit6"/>
                                        <BitDataItem BitOffset="7" TextId="TOK_Input_DataItem_MiscState_Bit7"/>
                                    </DataItem>
                                </Input>
                            </IOData>
                            <ModuleInfo>
                                <Name TextId="TOK_Name_Module_I8"/>
                                <InfoText TextId="TOK_InfoText_Module_I8"/>
                            </ModuleInfo>
                        </VirtualSubmoduleItem>
                    </VirtualSubmoduleList>
                </ModuleItem>
                <ModuleItem ID="IDM_31" ModuleIdentNumber="0x00000031">
                    <ModuleInfo>
                        <Name TextId="TOK_Name_Module_O8"/>
                        <InfoText TextId="TOK_InfoText_Module_O8"/>
                        <HardwareRelease Value="1.0"/>
                        <SoftwareRelease Value="1.0"/>
                    </ModuleInfo>
                    <VirtualSubmoduleList>
                        <VirtualSubmoduleItem ID="IDSM_131" SubmoduleIdentNumber="0x0131" MayIssueProcessAlarm="true">
                            <IOData>
                                <Output Consistency="All items consistency">
                                    <DataItem DataType="Integer32" TextId="TOK_Output_DataItem_Setpoint"/>
                                    <DataItem DataType="Boolean" TextId="TOK_Output_DataItem_RunEnable"/>
                                </Output>
                            </IOData>
                            <ModuleInfo>
                                <Name TextId="TOK_Name_Module_O8"/>
                                <InfoText TextId="TOK_InfoText_Module_O8"/>
                            </ModuleInfo>
                        </VirtualSubmoduleItem>
                    </VirtualSubmoduleList>
                </ModuleItem>
                <ModuleItem ID="IDM_32" ModuleIdentNumber="0x00000032">
                    <ModuleInfo>
                        <Name TextId="TOK_Name_Module_I8O8"/>
                        <InfoText TextId="TOK_InfoText_Module_I8O8"/>
                        <HardwareRelease Value="1.0"/>
                        <SoftwareRelease Value="1.0"/>
                    </ModuleInfo>
                    <VirtualSubmoduleList>
                        <VirtualSubmoduleItem ID="IDSM_132" SubmoduleIdentNumber="0x0132" MayIssueProcessAlarm="true">
                            <IOData>
                                <Input Consistency="All items consistency">
                                    <DataItem DataType="Integer32" TextId="TOK_Input_DataItem_Setpoint"/>
                                    <DataItem DataType="Boolean" TextId="TOK_Input_DataItem_RunEnable"/>
                                    <DataItem DataType="Unsigned8" TextId="TOK_Input_DataItem_InhibitAlarmStatus" UseAsBits="true">
                                        <BitDataItem BitOffset="0" TextId="TOK_Input_DataItem_InhibitAlarmStatus_Bit0"/>
                                        <BitDataItem BitOffset="1" TextId="TOK_Input_DataItem_InhibitAlarmStatus_Bit1"/>
                                        <BitDataItem BitOffset="2" TextId="TOK_Input_DataItem_InhibitAlarmStatus_Bit2"/>
                                        <BitDataItem BitOffset="3" TextId="TOK_Input_DataItem_InhibitAlarmStatus_Bit3"/>
                                        <BitDataItem BitOffset="4" TextId="TOK_Input_DataItem_InhibitAlarmStatus_Bit4"/>
                                        <BitDataItem BitOffset="5" TextId="TOK_Input_DataItem_InhibitAlarmStatus_Bit5"/>
                                        <BitDataItem BitOffset="6" TextId="TOK_Input_DataItem_InhibitAlarmStatus_Bit6"/>
                                        <BitDataItem BitOffset="7" TextId="TOK_Input_DataItem_InhibitAlarmStatus_Bit7"/>
                                    </DataItem>
                                    <DataItem DataType="Unsigned8" TextId="TOK_Input_DataItem_WarningAlarmStatus" UseAsBits="true">
                                        <BitDataItem BitOffset="0" TextId="TOK_Input_DataItem_WarningAlarmStatus_Bit0"/>
                                        <BitDataItem BitOffset="1" TextId="TOK_Input_DataItem_WarningAlarmStatus_Bit1"/>
                                        <BitDataItem BitOffset="2" TextId="TOK_Input_DataItem_WarningAlarmStatus_Bit2"/>
                                        <BitDataItem BitOffset="3" TextId="TOK_Input_DataItem_WarningAlarmStatus_Bit3"/>
                                        <BitDataItem BitOffset="4" TextId="TOK_Input_DataItem_WarningAlarmStatus_Bit4"/>
                                        <BitDataItem BitOffset="5" TextId="TOK_Input_DataItem_WarningAlarmStatus_Bit5"/>
                                        <BitDataItem BitOffset="6" TextId="TOK_Input_DataItem_WarningAlarmStatus_Bit6"/>
                                        <BitDataItem BitOffset="7" TextId="TOK_Input_DataItem_WarningAlarmStatus_Bit7"/>
                                    </DataItem>
                                    <DataItem DataType="Boolean" TextId="TOK_Input_DataItem_FeedbackReadStatus"/>
                                    <DataItem DataType="Float32" TextId="TOK_Input_DataItem_ACLineFrequency"/>
                                    <DataItem DataType="Float32" TextId="TOK_Input_DataItem_ACLineVoltage"/>
                                    <DataItem DataType="Float32" TextId="TOK_Input_DataItem_LoadVoltage"/>
                                    <DataItem DataType="Float32" TextId="TOK_Input_DataItem_LoadCurrent"/>
                                    <DataItem DataType="Float32" TextId="TOK_Input_DataItem_LoadResistance"/>
                                    <DataItem DataType="Float32" TextId="TOK_Input_DataItem_HeatsinkTemperature"/>
                                    <DataItem DataType="Float32" TextId="TOK_Input_DataItem_OutputDutyCyclePercent"/>
                                    <DataItem DataType="Float32" TextId="TOK_Input_DataItem_SetpointReference"/>
                                    <DataItem DataType="Float32" TextId="TOK_Input_DataItem_Feedback"/>
                                    <DataItem DataType="Float32" TextId="TOK_Input_DataItem_PLFTargetResistance"/>
                                    <DataItem DataType="Float32" TextId="TOK_Input_DataItem_PLFResistance"/>
                                    <DataItem DataType="Float32" TextId="TOK_Input_DataItem_PLFResistanceDeviation"/>
                                    <DataItem DataType="Integer32" TextId="TOK_Input_DataItem_FirmwareID"/>
                                    <DataItem DataType="Integer32" TextId="TOK_Input_DataItem_FirmwareMajor"/>
                                    <DataItem DataType="Integer32" TextId="TOK_Input_DataItem_FirmwareMinor"/>
                                    <DataItem DataType="Integer32" TextId="TOK_Input_DataItem_FullScaleVoltage"/>
                                    <DataItem DataType="Float32" TextId="TOK_Input_DataItem_FullScaleCurrent"/>
                                    <DataItem DataType="Unsigned8" TextId="TOK_Input_DataItem_ACLineStatus" UseAsBits="true">
                                        <BitDataItem BitOffset="0" TextId="TOK_Input_DataItem_ACLineStatus_Bit0"/>
                                        <BitDataItem BitOffset="1" TextId="TOK_Input_DataItem_ACLineStatus_Bit1"/>
                                        <BitDataItem BitOffset="2" TextId="TOK_Input_DataItem_ACLineStatus_Bit2"/>
                                        <BitDataItem BitOffset="3" TextId="TOK_Input_DataItem_ACLineStatus_Bit3"/>
                                        <BitDataItem BitOffset="4" TextId="TOK_Input_DataItem_ACLineStatus_Bit4"/>
                                        <BitDataItem BitOffset="5" TextId="TOK_Input_DataItem_ACLineStatus_Bit5"/>
                                        <BitDataItem BitOffset="6" TextId="TOK_Input_DataItem_ACLineStatus_Bit6"/>
                                        <BitDataItem BitOffset="7" TextId="TOK_Input_DataItem_ACLineStatus_Bit7"/>
                                    </DataItem>
                                    <DataItem DataType="Unsigned8" TextId="TOK_Input_DataItem_LoadStatus" UseAsBits="true">
                                        <BitDataItem BitOffset="0" TextId="TOK_Input_DataItem_LoadStatus_Bit0"/>
                                        <BitDataItem BitOffset="1" TextId="TOK_Input_DataItem_LoadStatus_Bit1"/>
                                        <BitDataItem BitOffset="2" TextId="TOK_Input_DataItem_LoadStatus_Bit2"/>
                                        <BitDataItem BitOffset="3" TextId="TOK_Input_DataItem_LoadStatus_Bit3"/>
                                        <BitDataItem BitOffset="4" TextId="TOK_Input_DataItem_LoadStatus_Bit4"/>
                                        <BitDataItem BitOffset="5" TextId="TOK_Input_DataItem_LoadStatus_Bit5"/>
                                        <BitDataItem BitOffset="6" TextId="TOK_Input_DataItem_LoadStatus_Bit6"/>
                                        <BitDataItem BitOffset="7" TextId="TOK_Input_DataItem_LoadStatus_Bit7"/>
                                    </DataItem>
                                    <DataItem DataType="Unsigned8" TextId="TOK_Input_DataItem_ControllerStatus"/>
                                    <DataItem DataType="Unsigned8" TextId="TOK_Input_DataItem_ControllerState"/>
                                    <DataItem DataType="Unsigned16" TextId="TOK_Input_DataItem_EEPROMStatus" UseAsBits="true">
                                        <BitDataItem BitOffset="0" TextId="TOK_Input_DataItem_EEPROMStatus_Bit0"/>
                                        <BitDataItem BitOffset="1" TextId="TOK_Input_DataItem_EEPROMStatus_Bit1"/>
                                        <BitDataItem BitOffset="2" TextId="TOK_Input_DataItem_EEPROMStatus_Bit2"/>
                                        <BitDataItem BitOffset="3" TextId="TOK_Input_DataItem_EEPROMStatus_Bit3"/>
                                        <BitDataItem BitOffset="4" TextId="TOK_Input_DataItem_EEPROMStatus_Bit4"/>
                                        <BitDataItem BitOffset="5" TextId="TOK_Input_DataItem_EEPROMStatus_Bit5"/>
                                        <BitDataItem BitOffset="6" TextId="TOK_Input_DataItem_EEPROMStatus_Bit6"/>
                                        <BitDataItem BitOffset="7" TextId="TOK_Input_DataItem_EEPROMStatus_Bit7"/>
                                        <BitDataItem BitOffset="8" TextId="TOK_Input_DataItem_EEPROMStatus_Bit8"/>
                                        <BitDataItem BitOffset="9" TextId="TOK_Input_DataItem_EEPROMStatus_Bit9"/>
                                        <BitDataItem BitOffset="10" TextId="TOK_Input_DataItem_EEPROMStatus_Bit10"/>
                                        <BitDataItem BitOffset="11" TextId="TOK_Input_DataItem_EEPROMStatus_Bit11"/>
                                        <BitDataItem BitOffset="12" TextId="TOK_Input_DataItem_EEPROMStatus_Bit12"/>
                                        <BitDataItem BitOffset="13" TextId="TOK_Input_DataItem_EEPROMStatus_Bit13"/>
                                        <BitDataItem BitOffset="14" TextId="TOK_Input_DataItem_EEPROMStatus_Bit14"/>
                                        <BitDataItem BitOffset="15" TextId="TOK_Input_DataItem_EEPROMStatus_Bit15"/>
                                    </DataItem>
                                    <DataItem DataType="Unsigned16" TextId="TOK_Input_DataItem_EEPROMStatus" UseAsBits="true">
                                        <BitDataItem BitOffset="0" TextId="TOK_Input_DataItem_EEPROMStatus_Bit0"/>
                                        <BitDataItem BitOffset="1" TextId="TOK_Input_DataItem_EEPROMStatus_Bit1"/>
                                        <BitDataItem BitOffset="2" TextId="TOK_Input_DataItem_EEPROMStatus_Bit2"/>
                                        <BitDataItem BitOffset="3" TextId="TOK_Input_DataItem_EEPROMStatus_Bit3"/>
                                        <BitDataItem BitOffset="4" TextId="TOK_Input_DataItem_EEPROMStatus_Bit4"/>
                                        <BitDataItem BitOffset="5" TextId="TOK_Input_DataItem_EEPROMStatus_Bit5"/>
                                        <BitDataItem BitOffset="6" TextId="TOK_Input_DataItem_EEPROMStatus_Bit6"/>
                                        <BitDataItem BitOffset="7" TextId="TOK_Input_DataItem_EEPROMStatus_Bit7"/>
                                        <BitDataItem BitOffset="8" TextId="TOK_Input_DataItem_EEPROMStatus_Bit8"/>
                                        <BitDataItem BitOffset="9" TextId="TOK_Input_DataItem_EEPROMStatus_Bit9"/>
                                        <BitDataItem BitOffset="10" TextId="TOK_Input_DataItem_EEPROMStatus_Bit10"/>
                                        <BitDataItem BitOffset="11" TextId="TOK_Input_DataItem_EEPROMStatus_Bit11"/>
                                        <BitDataItem BitOffset="12" TextId="TOK_Input_DataItem_EEPROMStatus_Bit12"/>
                                        <BitDataItem BitOffset="13" TextId="TOK_Input_DataItem_EEPROMStatus_Bit13"/>
                                        <BitDataItem BitOffset="14" TextId="TOK_Input_DataItem_EEPROMStatus_Bit14"/>
                                        <BitDataItem BitOffset="15" TextId="TOK_Input_DataItem_EEPROMStatus_Bit15"/>
                                    </DataItem>
                                    <DataItem DataType="Unsigned8" TextId="TOK_Input_DataItem_ErrorLatch" UseAsBits="true">
                                        <BitDataItem BitOffset="0" TextId="TOK_Input_DataItem_ErrorLatch_Bit0"/>
                                        <BitDataItem BitOffset="1" TextId="TOK_Input_DataItem_ErrorLatch_Bit1"/>
                                        <BitDataItem BitOffset="2" TextId="TOK_Input_DataItem_ErrorLatch_Bit2"/>
                                        <BitDataItem BitOffset="3" TextId="TOK_Input_DataItem_ErrorLatch_Bit3"/>
                                        <BitDataItem BitOffset="4" TextId="TOK_Input_DataItem_ErrorLatch_Bit4"/>
                                        <BitDataItem BitOffset="5" TextId="TOK_Input_DataItem_ErrorLatch_Bit5"/>
                                        <BitDataItem BitOffset="6" TextId="TOK_Input_DataItem_ErrorLatch_Bit6"/>
                                        <BitDataItem BitOffset="7" TextId="TOK_Input_DataItem_ErrorLatch_Bit7"/>
                                    </DataItem>
                                    <DataItem DataType="Unsigned8" TextId="TOK_Input_DataItem_MiscState" UseAsBits="true">
                                        <BitDataItem BitOffset="0" TextId="TOK_Input_DataItem_MiscState_Bit0"/>
                                        <BitDataItem BitOffset="1" TextId="TOK_Input_DataItem_MiscState_Bit1"/>
                                        <BitDataItem BitOffset="2" TextId="TOK_Input_DataItem_MiscState_Bit2"/>
                                        <BitDataItem BitOffset="3" TextId="TOK_Input_DataItem_MiscState_Bit3"/>
                                        <BitDataItem BitOffset="4" TextId="TOK_Input_DataItem_MiscState_Bit4"/>
                                        <BitDataItem BitOffset="5" TextId="TOK_Input_DataItem_MiscState_Bit5"/>
                                        <BitDataItem BitOffset="6" TextId="TOK_Input_DataItem_MiscState_Bit6"/>
                                        <BitDataItem BitOffset="7" TextId="TOK_Input_DataItem_MiscState_Bit7"/>
                                    </DataItem>
                                </Input>
                                <Output Consistency="All items consistency">
                                    <DataItem DataType="Integer32" TextId="TOK_Output_DataItem_Setpoint"/>
                                    <DataItem DataType="Boolean" TextId="TOK_Output_DataItem_RunEnable"/>
                                </Output>
                            </IOData>
                            <ModuleInfo>
                                <Name TextId="TOK_Name_Module_I8O8"/>
                                <InfoText TextId="TOK_InfoText_Module_I8O8"/>
                            </ModuleInfo>
                        </VirtualSubmoduleItem>
                    </VirtualSubmoduleList>
                </ModuleItem>
                <ModuleItem ID="IDM_40" ModuleIdentNumber="0x00000040">
                    <ModuleInfo>
                        <Name TextId="TOK_Name_Module_Echo"/>
                        <InfoText TextId="TOK_InfoText_Module_Echo"/>
                        <HardwareRelease Value="1.0"/>
                        <SoftwareRelease Value="1.0"/>
                    </ModuleInfo>
                    <VirtualSubmoduleList>
                        <VirtualSubmoduleItem ID="IDSM_140" SubmoduleIdentNumber="0x0140" MayIssueProcessAlarm="true">
                            <IOData>
                                <Input Consistency="All items consistency">
                                    <DataItem DataType="Float32" TextId="TOK_Input_DataItem_Echo_Float32"/>
                                    <DataItem DataType="Unsigned32" TextId="TOK_Input_DataItem_Echo_Unsigned32"/>
                                </Input>
                                <Output Consistency="All items consistency">
                                    <DataItem DataType="Float32" TextId="TOK_Output_DataItem_Echo_Float32"/>
                                    <DataItem DataType="Unsigned32" TextId="TOK_Output_DataItem_Echo_Unsigned32"/>
                                </Output>
                            </IOData>
                            <RecordDataList>
                                <ParameterRecordDataItem Index="125" Length="4">
                                    <Name TextId="TOK_sample_parameter_Echo"/>
                                    <Ref DataType="Unsigned32" ByteOffset="0" DefaultValue="2" AllowedValues="1..4" Changeable="true" Visible="true"
                                         TextId="TOK_Echo_Gain"/>
                                </ParameterRecordDataItem>
                            </RecordDataList>
                            <ModuleInfo>
                                <Name TextId="TOK_Name_Module_Echo"/>
                                <InfoText TextId="TOK_InfoText_Module_Echo"/>
                            </ModuleInfo>
                        </VirtualSubmoduleItem>
                    </VirtualSubmoduleList>
                </ModuleItem>
            </ModuleList>
            <LogBookEntryList>
                <LogBookEntryItem Status="2130510">
                    <!--Custom log book entry for sample application-->
                    <!--Error code 0x20  Error decode 0x82  Error code 1 0x4E-->
                    <ErrorCode2Value>
                        <Name TextId="IDT_CUSTOM_LOGBOOK_1"/>
                    </ErrorCode2Value>
                </LogBookEntryItem>
            </LogBookEntryList>
            <GraphicsList>
                <GraphicItem ID="CCI-ATOM-LOGO" GraphicFile="GSDML-0258-0005-CCI-ATOM-LOGO"/>
            </GraphicsList>
            <ExternalTextList>
                <PrimaryLanguage>
                    <Text TextId="IDT_INFO_Device" Value="https://ccipower.com"/>
                    <Text TextId="IDT_MODULE_NAME_DAP1" Value="ATOM SCR"/>
                    <Text TextId="IDT_INFO_DAP1" Value="ATOM SCR https://docs.ccipower.com"/>
                    <Text TextId="IDT_CUSTOM_DIAG_1" Value="Custom diagnosis in USI format"/>
                    <Text TextId="IDT_CUSTOM_DIAG_1_VALUE" Value="Custom diagnosis value"/>
                    <Text TextId="IDT_CUSTOM_LOGBOOK_1" Value="Custom Logbook entry"/>
                    <Text TextId="IDT_NAME_IS" Value="X1"/>
                    <Text TextId="IDT_NAME_PS1" Value="X1 P1"/>
                    <Text TextId="IDT_NAME_PS2" Value="X1 P2"/>
                    <!--module name-->
                    <Text TextId="TOK_Name_Module_I8" Value="DI 8xLogicLevel"/>
                    <Text TextId="TOK_Name_Module_O8" Value="DO 8xLogicLevel"/>
                    <Text TextId="TOK_Name_Module_I8O8" Value="DIO 8xLogicLevel"/>
                    <Text TextId="TOK_Name_Module_Echo" Value="Echo Module"/>
                    <!--module info -->
                    <Text TextId="TOK_InfoText_Module_I8" Value="Digital In"/>
                    <Text TextId="TOK_InfoText_Module_O8" Value="Digital Out"/>
                    <Text TextId="TOK_InfoText_Module_I8O8" Value="Digital In+Out"/>
                    <Text TextId="TOK_InfoText_Module_Echo" Value="Echo with adjustable gain"/>
                    <!--dataitem name-->
                    <Text TextId="TOK_Output_DataItem_Setpoint" Value="Digital setpoint (0-10,000)"/>
                    <Text TextId="TOK_Output_DataItem_RunEnable" Value="Digital run enable"/>

                    <Text TextId="TOK_Input_DataItem_Setpoint" Value="Digital setpoint (0-10,000)"/>
                    <Text TextId="TOK_Input_DataItem_RunEnable" Value="Digital run enable"/>

                    <Text TextId="TOK_Input_DataItem_InhibitAlarmStatus" Value="Inhibit Alarm Status"/>
                    <Text TextId="TOK_Input_DataItem_InhibitAlarmStatus_Bit0" Value="AC Line Lock Loss"/>
                    <Text TextId="TOK_Input_DataItem_InhibitAlarmStatus_Bit1" Value="Over Current Trip"/>
                    <Text TextId="TOK_Input_DataItem_InhibitAlarmStatus_Bit2" Value="Over Temperature"/>
                    <Text TextId="TOK_Input_DataItem_InhibitAlarmStatus_Bit3" Value="Feedback Loss"/>
                    <Text TextId="TOK_Input_DataItem_InhibitAlarmStatus_Bit4" Value="Reserved"/>
                    <Text TextId="TOK_Input_DataItem_InhibitAlarmStatus_Bit5" Value="Reserved"/>
                    <Text TextId="TOK_Input_DataItem_InhibitAlarmStatus_Bit6" Value="Reserved"/>
                    <Text TextId="TOK_Input_DataItem_InhibitAlarmStatus_Bit7" Value="Reserved"/>

                    <Text TextId="TOK_Input_DataItem_WarningAlarmStatus" Value="Warning Alarm Status"/>
                    <Text TextId="TOK_Input_DataItem_WarningAlarmStatus_Bit0" Value="Voltage Limit"/>
                    <Text TextId="TOK_Input_DataItem_WarningAlarmStatus_Bit1" Value="Current Limit"/>
                    <Text TextId="TOK_Input_DataItem_WarningAlarmStatus_Bit2" Value="Partial Load Fault"/>
                    <Text TextId="TOK_Input_DataItem_WarningAlarmStatus_Bit3" Value="Open Load"/>
                    <Text TextId="TOK_Input_DataItem_WarningAlarmStatus_Bit4" Value="Shorted SCR"/>
                    <Text TextId="TOK_Input_DataItem_WarningAlarmStatus_Bit5" Value="Reserved"/>
                    <Text TextId="TOK_Input_DataItem_WarningAlarmStatus_Bit6" Value="Reserved"/>
                    <Text TextId="TOK_Input_DataItem_WarningAlarmStatus_Bit7" Value="Reserved"/>

                    <Text TextId="TOK_Input_DataItem_FeedbackReadStatus" Value="Digital run enable"/>

                    <Text TextId="TOK_Input_DataItem_ACLineFrequency" Value="AC Line Frequency"/>
                    <Text TextId="TOK_Input_DataItem_ACLineVoltage" Value="AC Line Voltage"/>
                    <Text TextId="TOK_Input_DataItem_LoadVoltage" Value="Load Voltage"/>
                    <Text TextId="TOK_Input_DataItem_LoadCurrent" Value="Load current"/>
                    <Text TextId="TOK_Input_DataItem_LoadResistance" Value="Load resistance"/>
                    <Text TextId="TOK_Input_DataItem_HeatsinkTemperature" Value="Heaksink Temperature C"/>
                    <Text TextId="TOK_Input_DataItem_OutputDutyCyclePercent" Value="Output Duty Cycle %"/>
                    <Text TextId="TOK_Input_DataItem_SetpointReference" Value="Setpoint reference"/>
                    <Text TextId="TOK_Input_DataItem_Feedback" Value="Feedback"/>
                    <Text TextId="TOK_Input_DataItem_PLFTargetResistance" Value="Partial Load Fault Target Resistance"/>
                    <Text TextId="TOK_Input_DataItem_PLFResistance" Value="Partial Load Fault Resistance"/>
                    <Text TextId="TOK_Input_DataItem_PLFResistanceDeviation" Value="Partial Load Fault Resistance Deviation"/>
                    <Text TextId="TOK_Input_DataItem_FirmwareID" Value="Firmware ID"/>
                    <Text TextId="TOK_Input_DataItem_FirmwareMajor" Value="Firmware major revision"/>
                    <Text TextId="TOK_Input_DataItem_FirmwareMinor" Value="Firmware minor revision"/>
                    <Text TextId="TOK_Input_DataItem_FullScaleVoltage" Value="Full Scale Voltage"/>
                    <Text TextId="TOK_Input_DataItem_FullScaleCurrent" Value="Full Scale Current"/>

                    <Text TextId="TOK_Input_DataItem_ACLineStatus" Value="AC Line Status"/>

                    <Text TextId="TOK_Input_DataItem_ACLineStatus_Bit0" Value="AC Line A OK"/>
                    <Text TextId="TOK_Input_DataItem_ACLineStatus_Bit1" Value="AC Line B OK"/>
                    <Text TextId="TOK_Input_DataItem_ACLineStatus_Bit2" Value="Reserved"/>
                    <Text TextId="TOK_Input_DataItem_ACLineStatus_Bit3" Value="Pre-Lock 1"/>
                    <Text TextId="TOK_Input_DataItem_ACLineStatus_Bit4" Value="Pre-Lock 2"/>
                    <Text TextId="TOK_Input_DataItem_ACLineStatus_Bit5" Value="Sync-Locked (to AC Line)"/>
                    <Text TextId="TOK_Input_DataItem_ACLineStatus_Bit6" Value="Reserved"/>
                    <Text TextId="TOK_Input_DataItem_ACLineStatus_Bit7" Value="Reserved"/>

                    <Text TextId="TOK_Input_DataItem_LoadStatus" Value="Digital run enable"/>
                    <Text TextId="TOK_Input_DataItem_LoadStatus_Bit0" Value="Shorted SCR"/>
                    <Text TextId="TOK_Input_DataItem_LoadStatus_Bit1" Value="Reserved"/>
                    <Text TextId="TOK_Input_DataItem_LoadStatus_Bit2" Value="Reserved"/>
                    <Text TextId="TOK_Input_DataItem_LoadStatus_Bit3" Value="Reserved"/>
                    <Text TextId="TOK_Input_DataItem_LoadStatus_Bit4" Value="Reserved"/>
                    <Text TextId="TOK_Input_DataItem_LoadStatus_Bit5" Value="Reserved"/>
                    <Text TextId="TOK_Input_DataItem_LoadStatus_Bit6" Value="Reserved"/>
                    <Text TextId="TOK_Input_DataItem_LoadStatus_Bit7" Value="Reserved"/>

                    <Text TextId="TOK_Input_DataItem_ControllerStatus" Value="Controller status"/>

                    <Text TextId="TOK_Input_DataItem_ControllerState" Value="Controller state"/>

                    <Text TextId="TOK_Input_DataItem_EEPROMStatus" Value="EEPROM Status"/>
                    <Text TextId="TOK_Input_DataItem_EEPROMStatus_Bit0" Value="EEPROM Initialization"/>
                    <Text TextId="TOK_Input_DataItem_EEPROMStatus_Bit1" Value="SP Table Error"/>
                    <Text TextId="TOK_Input_DataItem_EEPROMStatus_Bit2" Value="MFG CP Table Error"/>
                    <Text TextId="TOK_Input_DataItem_EEPROMStatus_Bit3" Value="Calibration Table Error"/>
                    <Text TextId="TOK_Input_DataItem_EEPROMStatus_Bit4" Value="Backup SP Table Error"/>
                    <Text TextId="TOK_Input_DataItem_EEPROMStatus_Bit5" Value="Backup MFG CP Table Error"/>
                    <Text TextId="TOK_Input_DataItem_EEPROMStatus_Bit6" Value="Backup Calibration Table Error"/>
                    <Text TextId="TOK_Input_DataItem_EEPROMStatus_Bit7" Value="Reserved"/>
                    <Text TextId="TOK_Input_DataItem_EEPROMStatus_Bit8" Value="Main EEPROM page needs updating"/>
                    <Text TextId="TOK_Input_DataItem_EEPROMStatus_Bit9" Value="Backup EEPROM page needs updating"/>
                    <Text TextId="TOK_Input_DataItem_EEPROMStatus_Bit10" Value="SP Table has changed, store to EEPROM"/>
                    <Text TextId="TOK_Input_DataItem_EEPROMStatus_Bit11" Value="MFG CP Table has changed, store to EEPROM"/>
                    <Text TextId="TOK_Input_DataItem_EEPROMStatus_Bit12" Value="Calibration Table has changed, store to EEPROM"/>
                    <Text TextId="TOK_Input_DataItem_EEPROMStatus_Bit13" Value="Reserved"/>
                    <Text TextId="TOK_Input_DataItem_EEPROMStatus_Bit14" Value="Reserved"/>
                    <Text TextId="TOK_Input_DataItem_EEPROMStatus_Bit15" Value="Reserved"/>

                    <Text TextId="TOK_Input_DataItem_EEPROMStatus2" Value="EEPROM Status 2"/>

                    <Text TextId="TOK_Input_DataItem_ErrorLatch" Value="ErrorLatch"/>
                    <Text TextId="TOK_Input_DataItem_ErrorLatch_Bit0" Value="Line Lock Loss"/>
                    <Text TextId="TOK_Input_DataItem_ErrorLatch_Bit1" Value="Phase loss or missing cycle"/>
                    <Text TextId="TOK_Input_DataItem_ErrorLatch_Bit2" Value="Line Frequency failure"/>
                    <Text TextId="TOK_Input_DataItem_ErrorLatch_Bit3" Value="SCR timing loss"/>
                    <Text TextId="TOK_Input_DataItem_ErrorLatch_Bit4" Value="Feedback loss"/>
                    <Text TextId="TOK_Input_DataItem_ErrorLatch_Bit5" Value="Reserved"/>
                    <Text TextId="TOK_Input_DataItem_ErrorLatch_Bit6" Value="Reserved"/>
                    <Text TextId="TOK_Input_DataItem_ErrorLatch_Bit7" Value="Reserved"/>

                    <Text TextId="TOK_Input_DataItem_MiscState" Value="Miscellaneous State"/>
                    <Text TextId="TOK_Input_DataItem_MiscState_Bit0" Value="Reserved"/>
                    <Text TextId="TOK_Input_DataItem_MiscState_Bit1" Value="Reserved"/>
                    <Text TextId="TOK_Input_DataItem_MiscState_Bit2" Value="Reserved"/>
                    <Text TextId="TOK_Input_DataItem_MiscState_Bit3" Value="Waiting for ENTER key during initialization"/>
                    <Text TextId="TOK_Input_DataItem_MiscState_Bit4" Value="Reserved"/>
                    <Text TextId="TOK_Input_DataItem_MiscState_Bit5" Value="Reserved"/>
                    <Text TextId="TOK_Input_DataItem_MiscState_Bit6" Value="Reserved"/>
                    <Text TextId="TOK_Input_DataItem_MiscState_Bit7" Value="Initialization in progress"/>

                    <Text TextId="TOK_Input_DataItem_Echo_Float32" Value="Input float to controller (output from controller multiplied by gain)"/>
                    <Text TextId="TOK_Input_DataItem_Echo_Unsigned32" Value="Input int to controller (output from controller multiplied by gain)"/>
                    <Text TextId="TOK_Output_DataItem_Echo_Float32" Value="Output float from controller"/>
                    <Text TextId="TOK_Output_DataItem_Echo_Unsigned32" Value="Output int from controller"/>
                    <!--ParameterRecordDataItem name-->
                    <Text TextId="TOK_sample_parameter_Echo" Value="Gain for echo module"/>
                    <Text TextId="TOK_Demo_1" Value="Demo 1"/>
                    <Text TextId="TOK_Demo_2" Value="Demo 2"/>
                    <Text TextId="TOK_Echo_Gain" Value="Gain"/>
                </PrimaryLanguage>
            </ExternalTextList>
        </ApplicationProcess>
    </ProfileBody>
</ISO15745Profile>
